account_id,account_name,email,phone_number,address,created_date
ACC1000,CnXIH,cnxih@sample.net,+919517728478,479 HxvYw Street,2024-11-01
ACC1001,lRZTT,lrztt@example.com,+916699045743,46 wABdS Street,2025-03-27
ACC1002,vOXfs,voxfs@test.org,+919767272490,445 cNndA Street ###@@@,2023-06-20
ACC1003,QhUXb,qhuxb@example.com,+918868495648,16 bMZaH Street,2023-04-29
ACC1004,xEdYd,xedyd@sample.net,999999999999999,62 HZPCz Street,2024-01-17
ACC1005,QBrAB,qbrab@example.com,+918596009964,62 jwjLp Street,2023-10-25
ACC1006,ttSnC,ttsnc@example.com,+919412782604,924 MamuF Street,2024-06-16
ACC1007,tBKLG,tbklg@example.com,999999999999999,946 kNAvK Street,2024-09-22
ACC1008,evMuk,evmuk@example.com,+916989040478,149 uKAxi Street,2024-01-06
ACC1009,pElih,pelih@sample.net,+917097847786,357 QboVS Street,2023-03-29
ACC1010,HfIYe,hfiye@test.org,+917972230186,521 WLTKw Street,2023-12-16
ACC1011,bZrYc123,bzryc@sample.net,0000000000,242 MWetm Street,2024-01-15
ACC1012,ZmqWc,zmqwc@test.org,+918547340062,790 Qfebx Street,2023-12-15
ACC1013,nmZEO *&^%,nmzeo@sample.net,abcdefghij,680 brVaq Street,2024-10-23
ACC1014,FWLeg *&^%,fwleg@sample.net,+918982128734,57 ACJNa Street,2025-05-30
ACC1015,eSFBj,esfbj@example.com,+918184653335,741 uEBGO Street,2025-04-02
ACC1016,shOns,shons@example.com,+919539719168,180 tUlwZ Street,2024-06-13
ACC1017,VPKKZ,vpkkz@sample.net,+916704394367,833 tUoPF Street,2023-07-16
ACC1018,TEHyp,tehyp@sample.net,!!@@##$$%%,544 ApSVE Street,2024-05-13
ACC1019,BQMTl,bqmtl@example.com,+916069126262,148 YVHsH Street,2023-07-25
ACC1020,YcrGU,YcrGU@example.com@@,!!@@##$$%%,787 erxFE Street,2024-06-24
ACC1021,EwFVe,ewfve@sample.net,+919589247482,887 HqcbI Street,2025-09-10
ACC1022,IfwWK,ifwwk@test.org,+916974940935,519 JcQOb Street,2025-11-04
ACC1023,jdfVY,jdfvy@sample.net,+919606720685,219 GfSMc Street,2025-09-26
ACC1024,ZOpqj,zopqj@test.org,+916026658052,45 ysLzB Street,2024-09-22
ACC1025,kPYmf,kpymf@test.org,+917863863072,385 vuxWG Street,2025-07-02
ACC1026,rTKKa,rtkka@sample.net,+916961355128,127 lazyt Street,2025-01-08
ACC1027,Mltmx,mltmx@sample.net,+919166510099,933 HklDb Street,2023-11-23
ACC1028,ToMVp,ToMVp@sample.net@@,+919471622172,955 mGWiO Street,2023-08-08
ACC1029,lhExO,lhexo@example.com,+916497740125,740 BPvCX Street ###@@@,2024-09-30
ACC1030,UNDKS,undks@example.com,+916740136098,845 aMKQS Street,2023-05-11
ACC1031,EFVtZ,efvtz@test.org,+917072238046,533 ISWGc Street,2025-01-19
ACC1032,wCSMs,wcsms@example.com,!!@@##$$%%,859 ATdhX Street,2023-12-30
ACC1033,RTlab,RTlab@sample.net@@,+917335110946,227 dUvxv Street,2025-07-15
ACC1034,eIjgm,eIjgm@test.org@@,12345,4 LRFut Street,2023-04-06
ACC1035,enRVZ,enrvz@example.com,0000000000,875 wPmoe Street,2025-01-17
ACC1036,kJthv,kjthv@example.com,+917532334027,11 EENSK Street,2023-11-07
ACC1037,PQDDT,pqddt@test.org,12345,107 UesPg Street,2025-05-25
ACC1038,DkWnZ,dkwnz@test.org,+917188804515,53 myzvh Street,2025-09-22
ACC1039,ZstOW,zstow@sample.net,+919398895033,304 xMOmh Street,2025-02-03
ACC1040,TOeKw,toekw@sample.net,+918700400317,94 MfSQt Street,2024-02-26
ACC1041,Szumj *&^%,szumj@example.com,!!@@##$$%%,766 BadpT Street,2025-09-28
ACC1042,uNaeU,unaeu@test.org,+917091362939,921 fWStJ Street,2024-12-13
ACC1043,nIHtS,nihts@test.org,+917626533289,26 ZJiFw Street ###@@@,2023-08-05
ACC1044,tyIey,tyiey@test.org,+918831085714,556 XrYno Street,2024-11-11
ACC1045,BKdxf,BKdxf@sample.net@@,+917048898532,199 mQuTz Street ###@@@,2024-12-22
ACC1046,IwCNe,iwcne@test.org,+918927970281,474 TCOFq Street,2025-06-27
ACC1047,JfqlJ,jfqlj@sample.net,+917597293737,536 TNVrp Street,2024-08-22
ACC1048,AlCWZ,alcwz@test.org,+919576534871,686 hDzLf Street,2024-06-08
ACC1049,WbdmI,wbdmi@example.com,+917043321425,881 akrCo Street ###@@@,2023-07-14
ACC1050,Fjfka123,fjfka@test.org,+917641749360,768 PoLkS Street,2023-10-18
ACC1051,NZKwx,nzkwx@example.com,+916214133060,593 mgONA Street,2024-05-10
ACC1052,VHWxI123,vhwxi@test.org,+917839395607,267 VLiON Street,2024-07-07
ACC1053,LPqgJ,lpqgj@example.com,+917774690537,689 ufeBc Street,2024-09-19
ACC1054,xVarl,xvarl@sample.net,+916066214088,605 aTjeV Street,2025-07-28
ACC1055,aBqdL,abqdl@test.org,+919294094165,463 xKkCo Street,2025-10-07
ACC1056,DaYwf,daywf@test.org,+918766321102,190 TcBzj Street,2024-10-20
ACC1057,IqgMY,IqgMY@test.org@@,!!@@##$$%%,751 bePoU Street,2025-06-25
ACC1058,nOvDx,novdx@example.com,+916698685768,589 eqPtm Street,2025-10-01
ACC1059,nERqg,nerqg@example.com,+918874925655,181 zOnwP Street,2025-03-21
ACC1060,wkDWP,wkdwp@example.com,+917952919609,791 RbzpA Street,2024-01-08
ACC1061,Ctnyb123,ctnyb@example.com,+917044055680,312 kmpKq Street,2024-03-20
ACC1062,rAKjY,rakjy@sample.net,+916105225515,668 Kqwfz Street,2025-10-14
ACC1063,mopls *&^%,mopls@sample.net,+918073951645,857 bnhwD Street,2023-11-05
ACC1064,ZCNoa,zcnoa@example.com,0000000000,509 YfjGT Street,2024-10-07
ACC1065,cVrsH,cvrsh@test.org,+918698938144,902 MXsvo Street,2024-04-09
ACC1066,HTzie,htzie@test.org,+918881289331,234 Khxeg Street,2025-07-29
ACC1067,LkiCb,lkicb@test.org,+917975556586,552 uLYtR Street ###@@@,2024-11-27
ACC1068,XgoZv,xgozv@test.org,+917536677226,952 pKnYi Street,2023-04-26
ACC1069,kyfvd,kyfvd@example.com,+917524724412,534 mhuOz Street,2024-11-28
ACC1070,owXMZ,owxmz@example.com,+917794367403,175 LrYtN Street,2023-12-19
ACC1071,yjKeC,yjKeC@test.org@@,+918074658352,822 ogeXk Street,2023-10-23
ACC1072,RcxFR,rcxfr@sample.net,+916527793204,21 ZbiFa Street,2024-06-25
ACC1073,kqWox,kqwox@sample.net,999999999999999,605 HIYhx Street,2024-01-22
ACC1074,hzOCn,hzocn@sample.net,+918403806537,798 ImYLD Street,2024-06-09
ACC1075,KiOrI,kiori@test.org,+919319886363,43 xoomp Street,2025-09-03
ACC1076,xzLWM,xzlwm@test.org,+916762281096,715 nkphn Street ###@@@,2024-10-09
ACC1077,mcflT,mcflt@example.com,+917150275521,233 sgAIA Street,2024-10-16
ACC1078,ZvYTX,ZvYTX@test.org@@,+919159566452,267 rgqAH Street,2024-06-05
ACC1079,PLRUK,plruk@test.org,+916042156772,593 twBPM Street ###@@@,2025-06-01
ACC1080,dnlra,dnlra@sample.net,0000000000,996 SgAUf Street,2024-01-29
ACC1081,OUsjn,ousjn@sample.net,+917915203628,703 lgIlQ Street,2023-04-12
ACC1082,LTvfO,ltvfo@example.com,+918845215390,626 OTfQb Street,2024-07-30
ACC1083,ZYBql,zybql@sample.net,!!@@##$$%%,407 yJCxg Street,2023-08-25
ACC1084,oNuFD,onufd@example.com,+91-99999,151 mIISL Street,2024-08-23
ACC1085,ycXCe,ycXCe@example.com@@,+918605633562,499 xqRNh Street ###@@@,2025-10-13
ACC1086,Vpqnd,vpqnd@test.org,999999999999999,912 gBqWv Street,2025-10-08
ACC1087,LwCty,lwcty@sample.net,+917391621050,402 YJFmL Street,2025-10-24
ACC1088,AuEdq,auedq@example.com,+91-99999,641 FBQEk Street,2025-04-22
ACC1089,MiChm,michm@test.org,+918328157894,909 MmONf Street ###@@@,2024-06-15
ACC1023,jdfVY,jdfvy@dup.sample.net,+919606720685,219 GfSMc Street,2025-09-26
ACC1043,nIHtS,nihts@dup.test.org,+917626533289,26 ZJiFw Street ###@@@,2023-08-05
ACC1030,UNDKS,undks@example.com,+916740136098,845 aMKQS Street,2023-05-11
ACC1034,eIjgm,eIjgm@test.org@@,12345,4 LRFut Street,2023-04-06
ACC1072,RcxFR,rcxfr@dup.sample.net,+916527793204,21 ZbiFa Street,2024-06-25
ACC1036,kJthv,kjthv@example.com,+917532334027,11 EENSK Street,2023-11-07
ACC1022,IfwWK,ifwwk@dup.test.org,+916974940935,519 JcQOb Street,2025-11-04
ACC1040,TOeKw,toekw@sample.net,+918700400317,94 MfSQt Street,2024-02-26
ACC1014,FWLeg *&^%,fwleg@dup.sample.net,+918982128734,57 ACJNa Street,2025-05-30
ACC1023,jdfVY,jdfvy@dup.sample.net,+919606720685,219 GfSMc Street,2025-09-26
